auth_id,auth_user_id,auth_type,auth_password
1,1,Local,new_password
2,2,Google,
3,3,Facebook,
4,4,Local,VBP73PXT8RD
5,5,Local,CYI35LTF3RK
6,6,Local,MBX61DRV0SK
7,7,Local,DNY27PZV1UC
8,8,Local,VWT04DMO5WM
9,9,Local,OIB56TRT6JE
10,10,Local,TKO74MVI1RJ
11,11,Local,NPV99DBV0UE
12,12,Local,GJR88RMP2VO
13,13,Local,FUO79AQT1UJ
14,14,Local,OOK36IJH3IM
15,15,Local,UZU56IHZ5VX
16,16,Local,EMX82YXF2DA
17,17,Local,TWT27VDF7GL
18,18,Local,XPQ53WBW0NA
19,19,Local,ZFX62RPK9EG
20,20,Local,UVF84IXA6KQ
21,21,Local,SUW64FMM0LU
22,22,Local,UIP45TSN6YK
23,23,Local,BIP38YVD6WH
24,24,Local,MNJ68HLH4XQ
25,25,Local,UJA98AZE8YA
26,26,Local,VOB61ROP3SU
27,27,Local,FWE41JRX0XT
28,28,Local,EJY13MTZ7XP
29,29,Local,MUH57GRT2ZP
30,30,Local,NXQ91PSB0IU
31,31,Local,WAS45MCD8RR
32,32,Local,WZY04XJE9WI
33,33,Local,TGK58NHW2SQ
34,34,Local,DCA23VPS2PN
35,35,Local,QOM65ZVG3CC
36,36,Local,BUP75MAZ8ED
37,37,Local,RIU74HUO0OJ
38,38,Local,RJH23INP1RB
39,39,Local,RIT10CNN9PT
40,40,Local,ULZ31HCZ9FW
41,41,Local,HGW72LNR1RJ
42,42,Local,PHP27BSJ3PP
43,43,Local,NHL43NYT7NB
64,44,Google,
65,45,Google,
66,46,Google,
67,47,Google,
68,48,Google,
69,49,Google,
70,50,Google,
71,51,Google,
72,52,Google,
73,53,Google,
74,54,Facebook,
75,55,Facebook,
76,56,Facebook,
77,57,Facebook,
78,58,Facebook,
79,59,Facebook,
80,60,Facebook,
81,61,Facebook,
82,62,Facebook,
83,63,Facebook,
84,64,Google,
85,65,Google,
86,66,Google,
87,67,Google,
88,68,Google,
89,69,Google,
90,70,Google,
91,71,Google,
92,72,Google,
93,73,Google,
94,74,Facebook,
95,75,Facebook,
96,76,Facebook,
97,77,Facebook,
98,78,Facebook,
99,79,Facebook,
100,80,Facebook,
101,81,Facebook,
102,82,Facebook,
103,83,Facebook,
104,84,Google,
105,85,Google,
106,86,Google,
107,87,Google,
108,88,Google,
109,89,Google,
110,90,Google,
111,91,Google,
112,92,Google,
113,93,Google,
114,94,Facebook,
115,95,Facebook,
116,96,Facebook,
117,97,Facebook,
118,98,Facebook,
119,99,Facebook,
120,100,Facebook,
121,101,Facebook,
122,102,Facebook,
123,103,Facebook,
124,4,Google,
125,5,Google,
126,6,Google,
127,7,Google,
128,8,Google,
129,9,Google,
130,10,Google,
131,11,Google,
132,12,Google,
133,13,Google,
134,4,Facebook,
135,5,Facebook,
