image_id,image_path,image_advertise_id
2,/path/images/def.jpg,1
1,/new_path/,2
3,/path/images/abc.jpg,3
207,/path/images/image.jpg,4
5,/path/images/something.png,5
6,/path/images/image.jpg,6
7,/path/images/image.jpg,7
8,/path/images/image.jpg,8
9,/path/images/image.jpg,9
10,/path/images/image.jpg,10
11,/path/images/image.jpg,11
12,/path/images/image.jpg,12
13,/path/images/image.jpg,13
14,/path/images/image.jpg,14
15,/path/images/image.jpg,15
16,/path/images/image.jpg,16
17,/path/images/image.jpg,17
18,/path/images/image.jpg,18
19,/path/images/image.jpg,19
20,/path/images/image.jpg,20
21,/path/images/image.jpg,21
22,/path/images/image.jpg,22
23,/path/images/image.jpg,23
24,/path/images/image.jpg,24
25,/path/images/image.jpg,25
26,/path/images/image.jpg,26
27,/path/images/image.jpg,27
28,/path/images/image.jpg,28
29,/path/images/image.jpg,29
30,/path/images/image.jpg,30
31,/path/images/image.jpg,31
32,/path/images/image.jpg,32
33,/path/images/image.jpg,33
34,/path/images/image.jpg,34
35,/path/images/image.jpg,35
36,/path/images/image.jpg,36
37,/path/images/image.jpg,37
38,/path/images/image.jpg,38
39,/path/images/image.jpg,39
40,/path/images/image.jpg,40
41,/path/images/image.jpg,41
42,/path/images/image.jpg,42
43,/path/images/image.jpg,43
44,/path/images/image.jpg,44
45,/path/images/image.jpg,45
46,/path/images/image.jpg,46
47,/path/images/image.jpg,47
48,/path/images/image.jpg,48
49,/path/images/image.jpg,49
50,/path/images/image.jpg,50
51,/path/images/image.jpg,51
52,/path/images/image.jpg,52
53,/path/images/image.jpg,53
54,/path/images/image.jpg,54
55,/path/images/image.jpg,55
56,/path/images/image.jpg,56
57,/path/images/image.jpg,57
58,/path/images/image.jpg,58
59,/path/images/image.jpg,59
60,/path/images/image.jpg,60
61,/path/images/image.jpg,61
62,/path/images/image.jpg,62
63,/path/images/image.jpg,63
64,/path/images/image.jpg,64
65,/path/images/image.jpg,65
66,/path/images/image.jpg,66
67,/path/images/image.jpg,67
68,/path/images/image.jpg,68
69,/path/images/image.jpg,69
70,/path/images/image.jpg,70
71,/path/images/image.jpg,71
72,/path/images/image.jpg,72
73,/path/images/image.jpg,73
74,/path/images/image.jpg,74
75,/path/images/image.jpg,75
76,/path/images/image.jpg,76
77,/path/images/image.jpg,77
78,/path/images/image.jpg,78
79,/path/images/image.jpg,79
80,/path/images/image.jpg,80
81,/path/images/image.jpg,81
82,/path/images/image.jpg,82
83,/path/images/image.jpg,83
84,/path/images/image.jpg,84
85,/path/images/image.jpg,85
86,/path/images/image.jpg,86
87,/path/images/image.jpg,87
88,/path/images/image.jpg,88
89,/path/images/image.jpg,89
90,/path/images/image.jpg,90
91,/path/images/image.jpg,91
92,/path/images/image.jpg,92
93,/path/images/image.jpg,93
94,/path/images/image.jpg,94
95,/path/images/image.jpg,95
96,/path/images/image.jpg,96
97,/path/images/image.jpg,97
98,/path/images/image.jpg,98
99,/path/images/image.jpg,99
100,/path/images/image.jpg,100
101,/path/images/image.jpg,101
102,/path/images/image.jpg,102
103,/path/images/image.jpg,103
104,/path/images/image.jpg,104
105,/path/images/image.jpg,105
208,/path/images/image.jpg,106
209,/path/images/image.jpg,107
210,/path/images/image.jpg,108
211,/path/images/image.jpg,109
212,/path/images/image.jpg,110
213,/path/images/image.jpg,111
214,/path/images/image.jpg,112
215,/path/images/image.jpg,113
216,/path/images/image.jpg,114
217,/path/images/image1.jpg,115
218,/path/images/image1.jpg,116
219,/path/images/image1.jpg,117
220,/path/images/image1.jpg,118
221,/path/images/image1.jpg,119
222,/path/images/image1.jpg,120
223,/path/images/image1.jpg,121
224,/path/images/image1.jpg,122
225,/path/images/image1.jpg,123
226,/path/images/image1.jpg,124
227,/path/images/image.jpg,125
228,/path/images/image.jpg,126
229,/path/images/image.jpg,127
230,/path/images/image.jpg,128
231,/path/images/image.jpg,129
232,/path/images/image.jpg,130
233,/path/images/image.jpg,131
234,/path/images/image.jpg,132
235,/path/images/image.jpg,133
236,/path/images/image.jpg,134
237,/path/images/image1.jpg,135
238,/path/images/image1.jpg,136
239,/path/images/image1.jpg,137
240,/path/images/image1.jpg,138
241,/path/images/image1.jpg,139
242,/path/images/image1.jpg,140
243,/path/images/image1.jpg,141
244,/path/images/image1.jpg,142
245,/path/images/image1.jpg,143
246,/path/images/image1.jpg,144
247,/path/images/image.jpg,145
248,/path/images/image.jpg,146
249,/path/images/image.jpg,147
250,/path/images/image.jpg,148
251,/path/images/image.jpg,149
252,/path/images/image.jpg,150
253,/path/images/image.jpg,151
254,/path/images/image.jpg,152
255,/path/images/image.jpg,153
256,/path/images/image.jpg,154
257,/path/images/image1.jpg,155
258,/path/images/image1.jpg,156
259,/path/images/image1.jpg,157
260,/path/images/image1.jpg,158
261,/path/images/image1.jpg,159
262,/path/images/image1.jpg,160
263,/path/images/image1.jpg,161
264,/path/images/image1.jpg,162
265,/path/images/image1.jpg,163
266,/path/images/image1.jpg,164
267,/path/images/image.jpg,165
268,/path/images/image.jpg,166
269,/path/images/image.jpg,167
270,/path/images/image.jpg,168
271,/path/images/image.jpg,169
272,/path/images/image.jpg,170
273,/path/images/image.jpg,171
274,/path/images/image.jpg,172
275,/path/images/image.jpg,173
276,/path/images/image.jpg,174
277,/path/images/image1.jpg,175
278,/path/images/image1.jpg,176
279,/path/images/image1.jpg,177
280,/path/images/image1.jpg,178
281,/path/images/image1.jpg,179
282,/path/images/image1.jpg,180
283,/path/images/image1.jpg,181
284,/path/images/image1.jpg,182
285,/path/images/image1.jpg,183
286,/path/images/image1.jpg,184
287,/path/images/image.jpg,185
288,/path/images/image.jpg,186
289,/path/images/image.jpg,187
290,/path/images/image.jpg,188
291,/path/images/image.jpg,189
292,/path/images/image.jpg,190
293,/path/images/image.jpg,191
294,/path/images/image.jpg,192
295,/path/images/image.jpg,193
296,/path/images/image.jpg,194
297,/path/images/image1.jpg,195
298,/path/images/image1.jpg,196
299,/path/images/image1.jpg,197
300,/path/images/image1.jpg,198
301,/path/images/image1.jpg,199
302,/path/images/image1.jpg,200
303,/path/images/image1.jpg,201
304,/path/images/image1.jpg,202
305,/path/images/image1.jpg,203
306,/path/images/image1.jpg,204
307,/path/images/image.jpg,205
308,/path/images/image.jpg,206
309,/path/images/image.jpg,207
310,/path/images/image.jpg,208
311,/path/images/image.jpg,209
312,/path/images/image.jpg,210
313,/path/images/image.jpg,211
314,/path/images/image.jpg,212
315,/path/images/image.jpg,213
316,/path/images/image.jpg,214
317,/path/images/image1.jpg,215
318,/path/images/image1.jpg,216
319,/path/images/image1.jpg,217
320,/path/images/image1.jpg,218
321,/path/images/image1.jpg,219
322,/path/images/image1.jpg,220
323,/path/images/image1.jpg,221
324,/path/images/image1.jpg,222
325,/path/images/image1.jpg,223
326,/path/images/image1.jpg,224
327,/path/images/image.jpg,225
328,/path/images/image.jpg,226
329,/path/images/image.jpg,227
330,/path/images/image.jpg,228
331,/path/images/image.jpg,229
332,/path/images/image.jpg,230
333,/path/images/image.jpg,231
334,/path/images/image.jpg,232
335,/path/images/image.jpg,233
336,/path/images/image.jpg,234
337,/path/images/image1.jpg,235
338,/path/images/image1.jpg,236
339,/path/images/image1.jpg,237
340,/path/images/image1.jpg,238
341,/path/images/image1.jpg,239
342,/path/images/image1.jpg,240
343,/path/images/image1.jpg,241
344,/path/images/image1.jpg,242
345,/path/images/image1.jpg,243
346,/path/images/image1.jpg,244
347,/path/images/image.jpg,245
348,/path/images/image.jpg,246
349,/path/images/image.jpg,247
350,/path/images/image.jpg,248
351,/path/images/image.jpg,249
352,/path/images/image.jpg,250
353,/path/images/image.jpg,251
354,/path/images/image.jpg,252
355,/path/images/image.jpg,253
356,/path/images/image.jpg,254
357,/path/images/image1.jpg,255
358,/path/images/image1.jpg,256
359,/path/images/image1.jpg,257
360,/path/images/image1.jpg,258
361,/path/images/image1.jpg,259
362,/path/images/image1.jpg,260
363,/path/images/image1.jpg,261
364,/path/images/image1.jpg,262
365,/path/images/image1.jpg,263
366,/path/images/image1.jpg,264
367,/path/images/image.jpg,265
368,/path/images/image.jpg,266
369,/path/images/image.jpg,267
370,/path/images/image.jpg,268
371,/path/images/image.jpg,269
372,/path/images/image.jpg,270
373,/path/images/image.jpg,271
374,/path/images/image.jpg,272
375,/path/images/image.jpg,273
376,/path/images/image.jpg,274
377,/path/images/image1.jpg,275
378,/path/images/image1.jpg,276
379,/path/images/image1.jpg,277
380,/path/images/image1.jpg,278
381,/path/images/image1.jpg,279
382,/path/images/image1.jpg,280
383,/path/images/image1.jpg,281
384,/path/images/image1.jpg,282
385,/path/images/image1.jpg,283
386,/path/images/image1.jpg,284
387,/path/images/image.jpg,285
388,/path/images/image.jpg,286
389,/path/images/image.jpg,287
390,/path/images/image.jpg,288
391,/path/images/image.jpg,289
392,/path/images/image.jpg,290
393,/path/images/image.jpg,291
394,/path/images/image.jpg,292
395,/path/images/image.jpg,293
396,/path/images/image.jpg,294
397,/path/images/image1.jpg,295
398,/path/images/image1.jpg,296
399,/path/images/image1.jpg,297
400,/path/images/image1.jpg,298
401,/path/images/image1.jpg,299
402,/path/images/image1.jpg,300
403,/path/images/image1.jpg,301
404,/path/images/image1.jpg,302
405,/path/images/image1.jpg,303
406,/path/images/image1.jpg,304
407,/path/images/image.jpg,305
408,/path/images/image.jpg,306
409,/path/images/image.jpg,307
410,/path/images/image.jpg,308
411,/path/images/image.jpg,309
412,/path/images/image.jpg,310
413,/path/images/image.jpg,311
414,/path/images/image.jpg,312
415,/path/images/image.jpg,313
416,/path/images/image.jpg,314
417,/path/images/image1.jpg,315
418,/path/images/image1.jpg,316
419,/path/images/image1.jpg,317
420,/path/images/image1.jpg,318
421,/path/images/image1.jpg,319
422,/path/images/image1.jpg,320
423,/path/images/image1.jpg,321
424,/path/images/image1.jpg,322
425,/path/images/image1.jpg,323
426,/path/images/image1.jpg,324
427,/path/images/image.jpg,325
428,/path/images/image.jpg,326
429,/path/images/image.jpg,327
430,/path/images/image.jpg,328
431,/path/images/image.jpg,329
432,/path/images/image.jpg,330
433,/path/images/image.jpg,331
434,/path/images/image.jpg,332
435,/path/images/image.jpg,333
436,/path/images/image.jpg,334
437,/path/images/image1.jpg,335
438,/path/images/image1.jpg,336
439,/path/images/image1.jpg,337
440,/path/images/image1.jpg,338
441,/path/images/image1.jpg,339
442,/path/images/image1.jpg,340
443,/path/images/image1.jpg,341
444,/path/images/image1.jpg,342
445,/path/images/image1.jpg,343
446,/path/images/image1.jpg,344
447,/path/images/image.jpg,345
448,/path/images/image.jpg,346
449,/path/images/image.jpg,347
450,/path/images/image.jpg,348
451,/path/images/image.jpg,349
452,/path/images/image.jpg,350
453,/path/images/image.jpg,351
454,/path/images/image.jpg,352
455,/path/images/image.jpg,353
456,/path/images/image.jpg,354
457,/path/images/image1.jpg,355
458,/path/images/image1.jpg,356
459,/path/images/image1.jpg,357
460,/path/images/image1.jpg,358
461,/path/images/image1.jpg,359
462,/path/images/image1.jpg,360
463,/path/images/image1.jpg,361
464,/path/images/image1.jpg,362
465,/path/images/image1.jpg,363
466,/path/images/image1.jpg,364
467,/path/images/image.jpg,365
468,/path/images/image.jpg,366
469,/path/images/image.jpg,367
470,/path/images/image.jpg,368
471,/path/images/image.jpg,369
472,/path/images/image.jpg,370
473,/path/images/image.jpg,371
474,/path/images/image.jpg,372
475,/path/images/image.jpg,373
476,/path/images/image.jpg,374
477,/path/images/image1.jpg,375
478,/path/images/image1.jpg,376
479,/path/images/image1.jpg,377
480,/path/images/image1.jpg,378
481,/path/images/image1.jpg,379
482,/path/images/image1.jpg,380
483,/path/images/image1.jpg,381
484,/path/images/image1.jpg,382
485,/path/images/image1.jpg,383
486,/path/images/image1.jpg,384
487,/path/images/image.jpg,385
488,/path/images/image.jpg,386
489,/path/images/image.jpg,387
490,/path/images/image.jpg,388
491,/path/images/image.jpg,389
492,/path/images/image.jpg,390
493,/path/images/image.jpg,391
494,/path/images/image.jpg,392
495,/path/images/image.jpg,393
496,/path/images/image.jpg,394
497,/path/images/image1.jpg,395
498,/path/images/image1.jpg,396
499,/path/images/image1.jpg,397
500,/path/images/image1.jpg,398
501,/path/images/image1.jpg,399
502,/path/images/image1.jpg,400
503,/path/images/image1.jpg,401
504,/path/images/image1.jpg,402
505,/path/images/image1.jpg,403
506,/path/images/image1.jpg,404
507,/path/images/image.jpg,405
508,/path/images/image.jpg,406
509,/path/images/image.jpg,407
510,/path/images/image.jpg,408
511,/path/images/image.jpg,409
512,/path/images/image.jpg,410
513,/path/images/image.jpg,411
514,/path/images/image.jpg,412
515,/path/images/image.jpg,413
516,/path/images/image.jpg,414
517,/path/images/image1.jpg,415
518,/path/images/image1.jpg,416
519,/path/images/image1.jpg,417
520,/path/images/image1.jpg,418
521,/path/images/image1.jpg,419
522,/path/images/image1.jpg,420
523,/path/images/image1.jpg,421
524,/path/images/image1.jpg,422
525,/path/images/image1.jpg,423
526,/path/images/image1.jpg,424
527,/path/images/image.jpg,425
528,/path/images/image.jpg,426
529,/path/images/image.jpg,427
530,/path/images/image.jpg,428
531,/path/images/image.jpg,429
532,/path/images/image.jpg,430
533,/path/images/image.jpg,431
534,/path/images/image.jpg,432
535,/path/images/image.jpg,433
536,/path/images/image.jpg,434
537,/path/images/image1.jpg,435
538,/path/images/image1.jpg,436
539,/path/images/image1.jpg,437
540,/path/images/image1.jpg,438
541,/path/images/image1.jpg,439
542,/path/images/image1.jpg,440
543,/path/images/image1.jpg,441
544,/path/images/image1.jpg,442
545,/path/images/image1.jpg,443
546,/path/images/image1.jpg,444
547,/path/images/image.jpg,445
548,/path/images/image.jpg,446
549,/path/images/image.jpg,447
550,/path/images/image.jpg,448
551,/path/images/image.jpg,449
552,/path/images/image.jpg,450
553,/path/images/image.jpg,451
554,/path/images/image.jpg,452
555,/path/images/image.jpg,453
556,/path/images/image.jpg,454
557,/path/images/image1.jpg,455
558,/path/images/image1.jpg,456
559,/path/images/image1.jpg,457
560,/path/images/image1.jpg,458
561,/path/images/image1.jpg,459
562,/path/images/image1.jpg,460
563,/path/images/image1.jpg,461
564,/path/images/image1.jpg,462
565,/path/images/image1.jpg,463
566,/path/images/image1.jpg,464
567,/path/images/image.jpg,465
568,/path/images/image.jpg,466
569,/path/images/image.jpg,467
570,/path/images/image.jpg,468
571,/path/images/image.jpg,469
572,/path/images/image.jpg,470
573,/path/images/image.jpg,471
574,/path/images/image.jpg,472
575,/path/images/image.jpg,473
576,/path/images/image.jpg,474
577,/path/images/image1.jpg,475
578,/path/images/image1.jpg,476
579,/path/images/image1.jpg,477
580,/path/images/image1.jpg,478
581,/path/images/image1.jpg,479
582,/path/images/image1.jpg,480
583,/path/images/image1.jpg,481
584,/path/images/image1.jpg,482
585,/path/images/image1.jpg,483
586,/path/images/image1.jpg,484
587,/path/images/image.jpg,485
588,/path/images/image.jpg,486
589,/path/images/image.jpg,487
590,/path/images/image.jpg,488
591,/path/images/image.jpg,489
592,/path/images/image.jpg,490
593,/path/images/image.jpg,491
594,/path/images/image.jpg,492
595,/path/images/image.jpg,493
596,/path/images/image.jpg,494
597,/path/images/image1.jpg,495
598,/path/images/image1.jpg,496
599,/path/images/image1.jpg,497
600,/path/images/image1.jpg,498
601,/path/images/image1.jpg,499
602,/path/images/image1.jpg,500
603,/path/images/image1.jpg,501
604,/path/images/image1.jpg,502
605,/path/images/image1.jpg,503
606,/path/images/image1.jpg,504
607,/path/images/image.jpg,505
608,/path/images/image.jpg,506
609,/path/images/image.jpg,507
610,/path/images/image.jpg,508
611,/path/images/image.jpg,509
612,/path/images/image.jpg,510
613,/path/images/image.jpg,511
614,/path/images/image.jpg,512
615,/path/images/image.jpg,513
616,/path/images/image.jpg,514
617,/path/images/image1.jpg,515
618,/path/images/image1.jpg,516
619,/path/images/image1.jpg,517
620,/path/images/image1.jpg,518
621,/path/images/image1.jpg,519
622,/path/images/image1.jpg,520
623,/path/images/image1.jpg,521
624,/path/images/image1.jpg,522
625,/path/images/image1.jpg,523
626,/path/images/image1.jpg,524
627,/path/images/image.jpg,525
628,/path/images/image.jpg,526
629,/path/images/image.jpg,527
630,/path/images/image.jpg,528
631,/path/images/image.jpg,529
632,/path/images/image.jpg,530
633,/path/images/image.jpg,531
634,/path/images/image.jpg,532
635,/path/images/image.jpg,533
636,/path/images/image.jpg,534
637,/path/images/image1.jpg,535
638,/path/images/image1.jpg,536
639,/path/images/image1.jpg,537
640,/path/images/image1.jpg,538
641,/path/images/image1.jpg,539
642,/path/images/image1.jpg,540
643,/path/images/image1.jpg,541
644,/path/images/image1.jpg,542
645,/path/images/image1.jpg,543
646,/path/images/image1.jpg,544
647,/path/images/image.jpg,545
648,/path/images/image.jpg,546
649,/path/images/image.jpg,547
650,/path/images/image.jpg,548
651,/path/images/image.jpg,549
652,/path/images/image.jpg,550
653,/path/images/image.jpg,551
654,/path/images/image.jpg,552
655,/path/images/image.jpg,553
656,/path/images/image.jpg,554
657,/path/images/image1.jpg,555
658,/path/images/image1.jpg,556
659,/path/images/image1.jpg,557
660,/path/images/image1.jpg,558
661,/path/images/image1.jpg,559
662,/path/images/image1.jpg,560
663,/path/images/image1.jpg,561
664,/path/images/image1.jpg,562
665,/path/images/image1.jpg,563
666,/path/images/image1.jpg,564
667,/path/images/image.jpg,565
668,/path/images/image.jpg,566
669,/path/images/image.jpg,567
670,/path/images/image.jpg,568
671,/path/images/image.jpg,569
672,/path/images/image.jpg,570
673,/path/images/image.jpg,571
674,/path/images/image.jpg,572
675,/path/images/image.jpg,573
676,/path/images/image.jpg,574
677,/path/images/image1.jpg,575
678,/path/images/image1.jpg,576
679,/path/images/image1.jpg,577
680,/path/images/image1.jpg,578
681,/path/images/image1.jpg,579
682,/path/images/image1.jpg,580
683,/path/images/image1.jpg,581
684,/path/images/image1.jpg,582
685,/path/images/image1.jpg,583
686,/path/images/image1.jpg,584
687,/path/images/image.jpg,585
688,/path/images/image.jpg,586
689,/path/images/image.jpg,587
690,/path/images/image.jpg,588
691,/path/images/image.jpg,589
692,/path/images/image.jpg,590
693,/path/images/image.jpg,591
694,/path/images/image.jpg,592
695,/path/images/image.jpg,593
696,/path/images/image.jpg,594
697,/path/images/image1.jpg,595
698,/path/images/image1.jpg,596
699,/path/images/image1.jpg,597
700,/path/images/image1.jpg,598
701,/path/images/image1.jpg,599
702,/path/images/image1.jpg,600
703,/path/images/image1.jpg,601
704,/path/images/image1.jpg,602
705,/path/images/image1.jpg,603
706,/path/images/image1.jpg,604
707,/path/images/image.jpg,605
708,/path/images/image.jpg,606
709,/path/images/image.jpg,607
710,/path/images/image.jpg,608
711,/path/images/image.jpg,609
712,/path/images/image.jpg,610
713,/path/images/image.jpg,611
714,/path/images/image.jpg,612
715,/path/images/image.jpg,613
716,/path/images/image.jpg,614
717,/path/images/image1.jpg,615
718,/path/images/image1.jpg,616
719,/path/images/image1.jpg,617
720,/path/images/image1.jpg,618
721,/path/images/image1.jpg,619
722,/path/images/image1.jpg,620
723,/path/images/image1.jpg,621
724,/path/images/image1.jpg,622
725,/path/images/image1.jpg,623
726,/path/images/image1.jpg,624
727,/path/images/image.jpg,625
728,/path/images/image.jpg,626
729,/path/images/image.jpg,627
730,/path/images/image.jpg,628
731,/path/images/image.jpg,629
732,/path/images/image.jpg,630
733,/path/images/image.jpg,631
734,/path/images/image.jpg,632
735,/path/images/image.jpg,633
736,/path/images/image.jpg,634
737,/path/images/image1.jpg,635
738,/path/images/image1.jpg,636
739,/path/images/image1.jpg,637
740,/path/images/image1.jpg,638
741,/path/images/image1.jpg,639
742,/path/images/image1.jpg,640
743,/path/images/image1.jpg,641
744,/path/images/image1.jpg,642
745,/path/images/image1.jpg,643
746,/path/images/image1.jpg,644
747,/path/images/image.jpg,645
748,/path/images/image.jpg,646
749,/path/images/image.jpg,647
750,/path/images/image.jpg,648
751,/path/images/image.jpg,649
752,/path/images/image.jpg,650
753,/path/images/image.jpg,651
754,/path/images/image.jpg,652
755,/path/images/image.jpg,653
756,/path/images/image.jpg,654
757,/path/images/image1.jpg,655
758,/path/images/image1.jpg,656
759,/path/images/image1.jpg,657
760,/path/images/image1.jpg,658
761,/path/images/image1.jpg,659
762,/path/images/image1.jpg,660
763,/path/images/image1.jpg,661
764,/path/images/image1.jpg,662
765,/path/images/image1.jpg,663
766,/path/images/image1.jpg,664
767,/path/images/image.jpg,665
768,/path/images/image.jpg,666
769,/path/images/image.jpg,667
770,/path/images/image.jpg,668
771,/path/images/image.jpg,669
772,/path/images/image.jpg,670
773,/path/images/image.jpg,671
774,/path/images/image.jpg,672
775,/path/images/image.jpg,673
776,/path/images/image.jpg,674
777,/path/images/image1.jpg,675
778,/path/images/image1.jpg,676
779,/path/images/image1.jpg,677
780,/path/images/image1.jpg,678
781,/path/images/image1.jpg,679
782,/path/images/image1.jpg,680
783,/path/images/image1.jpg,681
784,/path/images/image1.jpg,682
785,/path/images/image1.jpg,683
786,/path/images/image1.jpg,684
787,/path/images/image.jpg,685
788,/path/images/image.jpg,686
789,/path/images/image.jpg,687
790,/path/images/image.jpg,688
791,/path/images/image.jpg,689
792,/path/images/image.jpg,690
793,/path/images/image.jpg,691
794,/path/images/image.jpg,692
795,/path/images/image.jpg,693
796,/path/images/image.jpg,694
797,/path/images/image1.jpg,695
798,/path/images/image1.jpg,696
799,/path/images/image1.jpg,697
800,/path/images/image1.jpg,698
801,/path/images/image1.jpg,699
802,/path/images/image1.jpg,700
803,/path/images/image1.jpg,701
804,/path/images/image1.jpg,702
805,/path/images/image1.jpg,703
806,/path/images/image1.jpg,704
807,/path/images/image.jpg,705
808,/path/images/image.jpg,706
809,/path/images/image.jpg,707
810,/path/images/image.jpg,708
811,/path/images/image.jpg,709
812,/path/images/image.jpg,710
813,/path/images/image.jpg,711
814,/path/images/image.jpg,712
815,/path/images/image.jpg,713
816,/path/images/image.jpg,714
817,/path/images/image1.jpg,715
818,/path/images/image1.jpg,716
819,/path/images/image1.jpg,717
820,/path/images/image1.jpg,718
821,/path/images/image1.jpg,719
822,/path/images/image1.jpg,720
823,/path/images/image1.jpg,721
824,/path/images/image1.jpg,722
825,/path/images/image1.jpg,723
826,/path/images/image1.jpg,724
827,/path/images/image.jpg,725
828,/path/images/image.jpg,726
829,/path/images/image.jpg,727
830,/path/images/image.jpg,728
831,/path/images/image.jpg,729
832,/path/images/image.jpg,730
833,/path/images/image.jpg,731
834,/path/images/image.jpg,732
835,/path/images/image.jpg,733
836,/path/images/image.jpg,734
837,/path/images/image1.jpg,735
838,/path/images/image1.jpg,736
839,/path/images/image1.jpg,737
840,/path/images/image1.jpg,738
841,/path/images/image1.jpg,739
842,/path/images/image1.jpg,740
843,/path/images/image1.jpg,741
844,/path/images/image1.jpg,742
845,/path/images/image1.jpg,743
846,/path/images/image1.jpg,744
847,/path/images/image.jpg,745
848,/path/images/image.jpg,746
849,/path/images/image.jpg,747
850,/path/images/image.jpg,748
851,/path/images/image.jpg,749
852,/path/images/image.jpg,750
853,/path/images/image.jpg,751
854,/path/images/image.jpg,752
855,/path/images/image.jpg,753
856,/path/images/image.jpg,754
857,/path/images/image1.jpg,755
858,/path/images/image1.jpg,756
859,/path/images/image1.jpg,757
860,/path/images/image1.jpg,758
861,/path/images/image1.jpg,759
862,/path/images/image1.jpg,760
863,/path/images/image1.jpg,761
864,/path/images/image1.jpg,762
865,/path/images/image1.jpg,763
866,/path/images/image1.jpg,764
867,/path/images/image.jpg,765
868,/path/images/image.jpg,766
869,/path/images/image.jpg,767
870,/path/images/image.jpg,768
871,/path/images/image.jpg,769
872,/path/images/image.jpg,770
873,/path/images/image.jpg,771
874,/path/images/image.jpg,772
875,/path/images/image.jpg,773
876,/path/images/image.jpg,774
877,/path/images/image1.jpg,775
878,/path/images/image1.jpg,776
879,/path/images/image1.jpg,777
880,/path/images/image1.jpg,778
881,/path/images/image1.jpg,779
882,/path/images/image1.jpg,780
883,/path/images/image1.jpg,781
884,/path/images/image1.jpg,782
885,/path/images/image1.jpg,783
886,/path/images/image1.jpg,784
887,/path/images/image.jpg,785
888,/path/images/image.jpg,786
889,/path/images/image.jpg,787
890,/path/images/image.jpg,788
891,/path/images/image.jpg,789
892,/path/images/image.jpg,790
893,/path/images/image.jpg,791
894,/path/images/image.jpg,792
895,/path/images/image.jpg,793
896,/path/images/image.jpg,794
897,/path/images/image1.jpg,795
898,/path/images/image1.jpg,796
899,/path/images/image1.jpg,797
900,/path/images/image1.jpg,798
901,/path/images/image1.jpg,799
902,/path/images/image1.jpg,800
903,/path/images/image1.jpg,801
904,/path/images/image1.jpg,802
905,/path/images/image1.jpg,803
906,/path/images/image1.jpg,804
907,/path/images/image.jpg,805
908,/path/images/image.jpg,806
909,/path/images/image.jpg,807
910,/path/images/image.jpg,808
911,/path/images/image.jpg,809
912,/path/images/image.jpg,810
913,/path/images/image.jpg,811
914,/path/images/image.jpg,812
915,/path/images/image.jpg,813
916,/path/images/image.jpg,814
917,/path/images/image1.jpg,815
918,/path/images/image1.jpg,816
919,/path/images/image1.jpg,817
920,/path/images/image1.jpg,818
921,/path/images/image1.jpg,819
922,/path/images/image1.jpg,820
923,/path/images/image1.jpg,821
924,/path/images/image1.jpg,822
925,/path/images/image1.jpg,823
926,/path/images/image1.jpg,824
927,/path/images/image.jpg,825
928,/path/images/image.jpg,826
929,/path/images/image.jpg,827
930,/path/images/image.jpg,828
931,/path/images/image.jpg,829
932,/path/images/image.jpg,830
933,/path/images/image.jpg,831
934,/path/images/image.jpg,832
935,/path/images/image.jpg,833
936,/path/images/image.jpg,834
937,/path/images/image1.jpg,835
938,/path/images/image1.jpg,836
939,/path/images/image1.jpg,837
940,/path/images/image1.jpg,838
941,/path/images/image1.jpg,839
942,/path/images/image1.jpg,840
943,/path/images/image1.jpg,841
944,/path/images/image1.jpg,842
945,/path/images/image1.jpg,843
946,/path/images/image1.jpg,844
947,/path/images/image.jpg,845
948,/path/images/image.jpg,846
949,/path/images/image.jpg,847
950,/path/images/image.jpg,848
951,/path/images/image.jpg,849
952,/path/images/image.jpg,850
953,/path/images/image.jpg,851
954,/path/images/image.jpg,852
955,/path/images/image.jpg,853
956,/path/images/image.jpg,854
957,/path/images/image1.jpg,855
958,/path/images/image1.jpg,856
959,/path/images/image1.jpg,857
960,/path/images/image1.jpg,858
961,/path/images/image1.jpg,859
962,/path/images/image1.jpg,860
963,/path/images/image1.jpg,861
964,/path/images/image1.jpg,862
965,/path/images/image1.jpg,863
966,/path/images/image1.jpg,864
967,/path/images/image.jpg,865
968,/path/images/image.jpg,866
969,/path/images/image.jpg,867
970,/path/images/image.jpg,868
971,/path/images/image.jpg,869
972,/path/images/image.jpg,870
973,/path/images/image.jpg,871
974,/path/images/image.jpg,872
975,/path/images/image.jpg,873
976,/path/images/image.jpg,874
977,/path/images/image1.jpg,875
978,/path/images/image1.jpg,876
979,/path/images/image1.jpg,877
980,/path/images/image1.jpg,878
981,/path/images/image1.jpg,879
982,/path/images/image1.jpg,880
983,/path/images/image1.jpg,881
984,/path/images/image1.jpg,882
985,/path/images/image1.jpg,883
986,/path/images/image1.jpg,884
987,/path/images/image.jpg,885
988,/path/images/image.jpg,886
989,/path/images/image.jpg,887
990,/path/images/image.jpg,888
991,/path/images/image.jpg,889
992,/path/images/image.jpg,890
993,/path/images/image.jpg,891
994,/path/images/image.jpg,892
995,/path/images/image.jpg,893
996,/path/images/image.jpg,894
997,/path/images/image1.jpg,895
998,/path/images/image1.jpg,896
999,/path/images/image1.jpg,897
1113,/path/images/image2.jpg,898
1114,/path/images/image1.jpg,899
1115,/path/images/image3.jpg,900
1116,/path/images/image4.jpg,901
1117,/path/images/image2.jpg,902
1118,/path/images/image1.jpg,903
1119,/path/images/image3.jpg,904
1120,/path/images/image4.jpg,905
1121,/path/images/image2.jpg,906
1122,/path/images/image1.jpg,907
1123,/path/images/image3.jpg,908
1124,/path/images/image4.jpg,909
1125,/path/images/image2.jpg,910
1126,/path/images/image2.jpg,911
1127,/path/images/image2.jpg,912
1128,/path/images/image2.jpg,913
1129,/path/images/image1.jpg,914
1130,/path/images/image1.jpg,915
1131,/path/images/image1.jpg,916
1132,/path/images/image1.jpg,917
1133,/path/images/image3.jpg,918
1134,/path/images/image3.jpg,919
1135,/path/images/image3.jpg,920
1136,/path/images/image3.jpg,921
1137,/path/images/image4.jpg,922
1138,/path/images/image4.jpg,923
1139,/path/images/image4.jpg,924
1140,/path/images/image4.jpg,925
1141,/path/images/image2.jpg,926
1142,/path/images/image2.jpg,927
1143,/path/images/image2.jpg,928
1144,/path/images/image2.jpg,929
1145,/path/images/image1.jpg,930
1146,/path/images/image1.jpg,931
1147,/path/images/image1.jpg,932
1148,/path/images/image1.jpg,933
1149,/path/images/image3.jpg,934
1150,/path/images/image3.jpg,935
1151,/path/images/image3.jpg,936
1152,/path/images/image3.jpg,937
1153,/path/images/image4.jpg,938
1154,/path/images/image4.jpg,939
1155,/path/images/image4.jpg,940
1156,/path/images/image4.jpg,941
1157,/path/images/image2.jpg,942
1158,/path/images/image2.jpg,943
1159,/path/images/image2.jpg,944
1160,/path/images/image2.jpg,945
1161,/path/images/image1.jpg,946
1162,/path/images/image1.jpg,947
1163,/path/images/image1.jpg,948
1164,/path/images/image1.jpg,949
1165,/path/images/image3.jpg,950
1166,/path/images/image3.jpg,951
1167,/path/images/image3.jpg,952
1168,/path/images/image3.jpg,953
1169,/path/images/image4.jpg,954
1170,/path/images/image4.jpg,955
1171,/path/images/image4.jpg,956
1172,/path/images/image4.jpg,957
1173,/path/images/image2.jpg,958
1174,/path/images/image2.jpg,959
1175,/path/images/image2.jpg,960
1176,/path/images/image2.jpg,961
1177,/path/images/image1.jpg,962
1178,/path/images/image1.jpg,963
1179,/path/images/image1.jpg,964
1180,/path/images/image1.jpg,965
1181,/path/images/image3.jpg,966
1182,/path/images/image3.jpg,967
1183,/path/images/image3.jpg,968
1184,/path/images/image3.jpg,969
1185,/path/images/image4.jpg,970
1186,/path/images/image4.jpg,971
1187,/path/images/image4.jpg,972
1188,/path/images/image4.jpg,973
1189,/path/images/image2.jpg,974
1190,/path/images/image2.jpg,975
1191,/path/images/image2.jpg,976
1192,/path/images/image2.jpg,977
1193,/path/images/image1.jpg,978
1194,/path/images/image1.jpg,979
1195,/path/images/image1.jpg,980
1196,/path/images/image1.jpg,981
1197,/path/images/image3.jpg,982
1198,/path/images/image3.jpg,983
1199,/path/images/image3.jpg,984
1200,/path/images/image3.jpg,985
1201,/path/images/image4.jpg,986
1202,/path/images/image4.jpg,987
1203,/path/images/image4.jpg,988
1204,/path/images/image4.jpg,989
1205,/path/images/image2.jpg,990
1206,/path/images/image2.jpg,991
1207,/path/images/image2.jpg,992
1208,/path/images/image2.jpg,993
1209,/path/images/image1.jpg,994
1210,/path/images/image1.jpg,995
1211,/path/images/image1.jpg,996
1212,/path/images/image1.jpg,997
1213,/path/images/image3.jpg,998
1214,/path/images/image3.jpg,999
1215,/path/images/image3.jpg,1000
1216,/path/images/image3.jpg,1001
1217,/path/images/image4.jpg,1002
1218,/path/images/image4.jpg,1003
1219,/path/images/image4.jpg,1004
1220,/path/images/image4.jpg,1005
1221,/path/images/image2.jpg,1006
1222,/path/images/image2.jpg,1007
1223,/path/images/image2.jpg,1008
1224,/path/images/image2.jpg,1009
1325,/path/images/image2.jpg,1010
1326,/path/images/image2.jpg,1011
1327,/path/images/image2.jpg,1012
1328,/path/images/image2.jpg,1013
1329,/path/images/image1.jpg,1014
1330,/path/images/image1.jpg,1015
1331,/path/images/image1.jpg,1016
1332,/path/images/image1.jpg,1017
1333,/path/images/image3.jpg,1018
995,/path/images/image.jpg,1019
996,/path/images/image.jpg,1020
997,/path/images/image1.jpg,1021
998,/path/images/image1.jpg,1022
999,/path/images/image1.jpg,1023
1113,/path/images/image2.jpg,1024
1114,/path/images/image1.jpg,1025
1115,/path/images/image3.jpg,1026
1116,/path/images/image4.jpg,1027
1117,/path/images/image2.jpg,1028
1118,/path/images/image1.jpg,1029
1119,/path/images/image3.jpg,1030
1120,/path/images/image4.jpg,1031
1121,/path/images/image2.jpg,1032
1122,/path/images/image1.jpg,1033
1123,/path/images/image3.jpg,1034
1124,/path/images/image4.jpg,1035
1125,/path/images/image2.jpg,1036
1126,/path/images/image2.jpg,1037
1127,/path/images/image2.jpg,1038
1128,/path/images/image2.jpg,1039
1129,/path/images/image1.jpg,1040
1130,/path/images/image1.jpg,1041
1131,/path/images/image1.jpg,1042
1132,/path/images/image1.jpg,1043
1133,/path/images/image3.jpg,1044
1134,/path/images/image3.jpg,1045
1135,/path/images/image3.jpg,1046
1136,/path/images/image3.jpg,1047
1137,/path/images/image4.jpg,1048
1138,/path/images/image4.jpg,1049
1139,/path/images/image4.jpg,1050
1140,/path/images/image4.jpg,1051
1141,/path/images/image2.jpg,1052
1142,/path/images/image2.jpg,1053
1143,/path/images/image2.jpg,1054
1144,/path/images/image2.jpg,1055
1145,/path/images/image1.jpg,1056
1146,/path/images/image1.jpg,1057
1147,/path/images/image1.jpg,1058
1148,/path/images/image1.jpg,1059
1149,/path/images/image3.jpg,1060
1150,/path/images/image3.jpg,1061
1151,/path/images/image3.jpg,1062
1152,/path/images/image3.jpg,1063
1153,/path/images/image4.jpg,1064
1154,/path/images/image4.jpg,1065
1155,/path/images/image4.jpg,1066
1156,/path/images/image4.jpg,1067
1157,/path/images/image2.jpg,1068
1158,/path/images/image2.jpg,1069
1159,/path/images/image2.jpg,1070
1160,/path/images/image2.jpg,1071
1161,/path/images/image1.jpg,1072
1162,/path/images/image1.jpg,1073
1163,/path/images/image1.jpg,1074
1164,/path/images/image1.jpg,1075
1165,/path/images/image1.jpg,1076
1166,/path/images/image3.jpg,1077
1167,/path/images/image3.jpg,1078
1168,/path/images/image3.jpg,1079
1169,/path/images/image4.jpg,1080
1170,/path/images/image4.jpg,1081
1171,/path/images/image4.jpg,1082
1172,/path/images/image4.jpg,1083
1173,/path/images/image2.jpg,1084
1174,/path/images/image2.jpg,1085
1175,/path/images/image2.jpg,1086
1176,/path/images/image2.jpg,1087
1177,/path/images/image1.jpg,1088
1178,/path/images/image1.jpg,1089
1179,/path/images/image1.jpg,1090
1180,/path/images/image1.jpg,1091
1181,/path/images/image3.jpg,1092
1182,/path/images/image3.jpg,1093
1183,/path/images/image3.jpg,1094
1184,/path/images/image3.jpg,1095
1185,/path/images/image4.jpg,1096
1186,/path/images/image4.jpg,1097
1187,/path/images/image4.jpg,1098
1188,/path/images/image4.jpg,1099
1189,/path/images/image2.jpg,1100
1190,/path/images/image2.jpg,1101
1191,/path/images/image2.jpg,1102
1192,/path/images/image2.jpg,1103
1193,/path/images/image1.jpg,1104
1193,/path/images/image2.jpg,1104
1193,/path/images/image3.jpg,1104
1193,/path/images/image4.jpg,1104
