user_id,user_name,user_phone,user_status,user_email
2,user_sGSfN,3263482182,t,user_sGSfN@user_sGSfN.com
3,user_tUQdS,4311635232,t,user_tUQdS@user_tUQdS.com
11,new_user_name,1236549870,t,a@a.com
12,Xena,5383314240,t,Nunc.ullamcorper.velit@felis.ca
13,Abra,578623597,t,dictum.eu.placerat@vitaesodales.edu
14,Doris,3110774220,t,dolor.elit.pellentesque@acfermentum.co.uk
15,Clementine,8279969046,t,nisi.Aenean@nisi.edu
16,Steel,4996402405,t,ac.mattis@ultriciesadipiscing.net
17,Graham,4581389705,t,arcu.ac.orci@SuspendissesagittisNullam.org
18,Justine,231157519,t,auctor.velit@egestas.net
19,Keegan,3346863818,t,Morbi.quis.urna@tellusPhasellus.co.uk
20,Melodie,8649302608,t,primis@iaculisodioNam.ca
21,Kylie,1072321681,t,a.mi.fringilla@Nuncac.org
22,Jesse,2188059207,t,sem.vitae.aliquam@vitae.net
23,Daquan,9092527513,t,magnis.dis.parturient@MorbivehiculaPellentesque.ca
24,Aimee,4167003048,t,sagittis@Vestibulum.net
25,Seth,3460895391,t,enim@malesuadavel.com
26,Dean,7824020401,t,libero@sagittisaugueeu.ca
27,Brock,8883872729,t,iaculis.odio.Nam@in.com
28,Olympia,4934951085,t,elit.erat@arcuimperdietullamcorper.org
29,Judah,4283032212,t,elementum.sem.vitae@montesnasceturridiculus.org
30,Alec,3054055755,t,lobortis@Crasconvallisconvallis.com
31,Harper,2265738072,t,nunc@risusDonec.edu
32,Buckminster,385941617,t,sodales.at@Aliquamrutrumlorem.ca
33,Cailin,7326363072,t,egestas.a.dui@Uttinciduntvehicula.ca
34,Buckminster,6172440700,t,id.magna.et@Suspendisse.com
35,Magee,7598614240,t,pellentesque@tortorNunccommodo.org
36,Colin,3662159929,t,netus.et.malesuada@nec.co.uk
37,Elizabeth,2083330520,t,malesuada.vel.venenatis@Duiselementumdui.ca
38,Russell,1249309781,t,diam.Sed@inceptos.org
39,Kai,5600800093,t,nec@Phaselluselitpede.ca
40,Axel,6029857993,t,sollicitudin@a.co.uk
41,Bianca,6709614222,t,egestas.Aliquam.nec@vel.org
42,Tucker,884056089,t,tellus.non.magna@Nunccommodo.edu
43,Kennedy,5430075285,t,Fusce.fermentum@eu.com
44,Ezra,8258268619,t,ut.odio.vel@enimEtiam.net
45,Emerson,807975456,t,cursus.a.enim@Maurismagna.ca
46,Chiquita,6835725907,t,sit.amet@turpisegestasAliquam.co.uk
47,Joy,4396013586,t,sapien.Aenean@vellectusCum.net
48,Shafira,2269618428,t,a.nunc.In@tristique.org
49,Kaitlin,395881139,t,Vestibulum.ut.eros@nisi.co.uk
50,Merrill,163582049,t,arcu.Vestibulum.ante@justositamet.edu
51,Herman,1770977315,t,magna.Suspendisse.tristique@ut.org
52,Lacey,6705723095,t,natoque.penatibus.et@erat.co.uk
53,Jeremy,2862947935,t,Fusce@justo.org
54,Emily,4762993754,t,accumsan.interdum@dolorDonec.edu
55,Maggy,5189667422,t,magna.tellus@metus.org
56,Zahir,1652356568,t,scelerisque@dolorelit.edu
57,Malachi,3545614943,t,sagittis@vitae.org
58,Colin,5322487149,t,ut.lacus@nisimagna.net
59,Porter,1875147033,t,felis@cursusvestibulum.co.uk
60,Kellie,2864383447,t,Duis.sit@erat.org
61,Fallon,6854639393,t,Ut.semper.pretium@libero.org
62,Igor,8453185726,t,augue.malesuada.malesuada@hendrerit.co.uk
63,Zephania,6057429337,t,id@Donec.net
64,Maisie,3920218632,t,cursus.Integer@tellusNunclectus.net
65,Lavinia,393387732,t,augue.Sed@netus.co.uk
66,Dean,7924236543,t,eu.dui.Cum@pretium.ca
67,Elvis,7726685757,t,ac.sem@lectusantedictum.org
68,Echo,8978677153,t,ornare@dolorquamelementum.co.uk
69,Blythe,6959485036,t,nonummy.ac.feugiat@elementumategestas.co.uk
70,Lois,6600679679,t,magna.a@arcu.org
71,Dante,4687854883,t,auctor.quis.tristique@non.net
72,Nell,8853561544,t,adipiscing.elit@Maurisut.com
73,Caesar,8940492460,t,enim.condimentum.eget@nuncsitamet.com
74,Ashely,8938767225,t,sociosqu.ad.litora@anunc.org
75,Ralph,5220554623,t,non.bibendum@enimSuspendisse.org
76,Vaughan,1671471227,t,ut.ipsum.ac@auctorullamcorpernisl.com
77,Dante,4012794140,t,Aenean@elementumloremut.org
78,Winifred,244857421,t,aliquam.eros.turpis@disparturient.net
79,Quinn,7730767722,t,tincidunt@montesnasceturridiculus.co.uk
80,Kermit,1257485689,t,ante@morbi.com
81,Abra,8473358406,t,Suspendisse.tristique.neque@mauris.org
82,Galvin,8122051303,t,dictum@dictumcursusNunc.co.uk
83,Cynthia,2365408886,t,sodales.elit.erat@luctusetultrices.net
84,Shaine,3009348079,t,ligula@hymenaeos.com
85,Nigel,4861460228,t,commodo@egetvenenatisa.org
86,Aspen,4915617429,t,augue.scelerisque@risusodioauctor.ca
87,Gretchen,616358330,t,Suspendisse.tristique@aultricies.com
88,Leslie,3672967451,t,a@anteiaculisnec.co.uk
89,Griffith,4804433428,t,egestas@Crasdictum.org
90,Cooper,3037172081,t,In.tincidunt.congue@porttitorscelerisqueneque.ca
91,Chester,155989989,t,elementum@senectuset.org
92,Steel,7637885818,t,hendrerit.a.arcu@dolor.co.uk
93,Tucker,3122626677,t,tempus.risus@et.ca
94,Lars,8417730760,t,molestie.in@scelerisque.ca
95,Griffith,468683716,t,eget.metus.eu@vulputateullamcorper.com
96,Ryder,3045043919,t,ligula.Aliquam@ornaresagittisfelis.edu
97,Whilemina,7002398939,t,Fusce.diam@elitCurabitursed.co.uk
98,Martin,380416475,t,nisi@fermentumfermentum.net
99,Brenna,9311909621,t,mauris.sagittis@Etiamlaoreet.org
100,Steel,1617908954,t,purus.Maecenas@Etiam.ca
101,Judith,6807415568,t,purus@cursuset.ca
102,Jenette,4439034952,t,Cum@diamat.ca
103,Illiana,6243597492,t,imperdiet.nec.leo@faucibus.net
104,Jin,2854584421,t,ipsum@PraesentluctusCurabitur.net
105,Ann,8030344535,t,condimentum@seddui.org
106,Whoopi,8167111028,t,iaculis.nec@ametlorem.co.uk
107,Shafira,5494653304,t,Proin@magnaPhasellus.co.uk
108,Walter,6610937130,t,mi.lorem@ullamcorpervelitin.ca
109,Kirby,7424908191,t,scelerisque@pedenonummy.co.uk
110,Dustin,1435090224,t,justo.Praesent@rutrumeu.edu
111,Jarrod,7559785943,t,vehicula@Donecegestas.co.uk
